<?xml version="1.0" encoding="UTF-8"?>
<project-private xmlns="http://www.netbeans.org/ns/project-private/1">
    <editor-bookmarks xmlns="http://www.netbeans.org/ns/editor-bookmarks/2" lastBookmarkId="0"/>
    <open-files xmlns="http://www.netbeans.org/ns/projectui-open-files/2">
        <group>
            <file>file:/C:/Users/adity/OneDrive/Desktop/DBS%20MINI%20PROJECT/StudentResultMangmentSystem/src/index.java</file>
            <file>file:/C:/Users/adity/OneDrive/Desktop/DBS%20MINI%20PROJECT/StudentResultMangmentSystem/src/adminHome.java</file>
            <file>file:/C:/Users/adity/OneDrive/Desktop/DBS%20MINI%20PROJECT/StudentResultMangmentSystem/src/studentHome1.java</file>
            <file>file:/C:/Users/adity/OneDrive/Desktop/DBS%20MINI%20PROJECT/StudentResultMangmentSystem/src/studentUpdates.java</file>
            <file>file:/C:/Users/adity/OneDrive/Desktop/DBS%20MINI%20PROJECT/StudentResultMangmentSystem/src/insertNewResult.java</file>
            <file>file:/C:/Users/adity/OneDrive/Desktop/DBS%20MINI%20PROJECT/StudentResultMangmentSystem/src/user.java</file>
        </group>
    </open-files>
</project-private>
